code,name,price,discount,image,discount_image,heart_count,star_rating,date_retrieved
쿠퍼비전,쿠퍼비젼 1DAY - 클래리티 난시 (30P),"24,000원",47%,https://img.davichmarket.com/image/image-view?type=GOODSDTL&id1=20240227_377d4044fd9a118743f11a0c7a5c9c688830b71b454aa68d0266d1f7b5b30a59_700x875x02,https://img.davichmarket.com/image/image-view?type=ICON&id1=20240628_1719536995910.png,"2,397",4.5,2024-10-07
쿠퍼비전,쿠퍼비젼 1DAY - 클래리티 원데이 근시 (30P),"21,000원",48%,https://img.davichmarket.com/image/image-view?type=GOODSDTL&id1=20240227_3dec8d1e0963146ef976a7da6f501bb8a1354232cb9b8ec44b8cc8829ba57df2_700x875x02,https://img.davichmarket.com/image/image-view?type=ICON&id1=20240628_1719536995910.png,"1,871",0,2024-10-07
쿠퍼비전,쿠퍼비젼 1DAY - 클래리티 근시 대용량 (90P),"49,000원",49%,https://img.davichmarket.com/image/image-view?type=GOODSDTL&id1=20230004_G1903111713_4489.jpg,https://img.davichmarket.com/image/image-view?type=ICON&id1=20240628_1719536995910.png,"1,919",5,2024-10-07
라이트 컬렉션,1MONTH - 라이트 셀레네 블랙 (1P),"5,000원",NA,https://img.davichmarket.com/image/image-view?type=GOODSDTL&id1=20240623_3e91af2b67d7ee451d4b9718d6805b663fffc0278cb72c6badbd110cf763ceae_700x875x02,https://img.davichmarket.com/image/image-view?type=ICON&id1=20240628_1719536995910.png,"2,838",0,2024-10-07
라이트 컬렉션,1MONTH - 라이트 팬시 그레이 (1P),"5,000원",NA,https://img.davichmarket.com/image/image-view?type=GOODSDTL&id1=20240618_40823b778ca5bf9b34c1382e38d151f54dda239e0983cc7a211272f100d58f39_700x875x02,https://img.davichmarket.com/image/image-view?type=ICON&id1=20240628_1719536995910.png,"3,809",3,2024-10-07
라이트 컬렉션,1MONTH - 라이트 셀레네 브라운 (1P),"5,000원",NA,https://img.davichmarket.com/image/image-view?type=GOODSDTL&id1=20240618_eaacb233f5129daf762deb6548548ec77698c4877a8a3154f155a693e3c4e13e_700x875x02,https://img.davichmarket.com/image/image-view?type=ICON&id1=20240628_1719536995910.png,"2,527",0,2024-10-07
알콘,알콘 1DAY - 토탈원 워터렌즈 근시 (30P),"36,000원",43%,https://img.davichmarket.com/image/image-view?type=GOODSDTL&id1=20230004_G2005290927_7743.jpg,https://img.davichmarket.com/image/image-view?type=ICON&id1=20220102_low.png,924,5,2024-10-07
라이트 컬렉션,1MONTH - 라이트 팬시 애쉬핑크 (1P),"5,000원",NA,https://img.davichmarket.com/image/image-view?type=GOODSDTL&id1=20240624_b7ea2ad5add77931ea32c17ae31cf737a00e440d1313e9199f744edba299f8ac_700x875x02,https://img.davichmarket.com/image/image-view?type=ICON&id1=20240628_1719536995910.png,"4,202",5,2024-10-07
바슈롬,바슈롬 1DAY - 바이오트루 난시 (30P),"30,000원",40%,https://img.davichmarket.com/image/image-view?type=GOODSDTL&id1=20240227_aa2ef4345648b05507e0c151ed16f99073a2679f24d414630694f36af6fce111_700x875x02,https://img.davichmarket.com/image/image-view?type=ICON&id1=20220102_low.png,904,5,2024-10-07
아큐브,아큐브 1DAY - 오아시스 근시 (30P),"36,000원",45%,https://img.davichmarket.com/image/image-view?type=GOODSDTL&id1=20230004_G2010061434_8316.jpg,https://img.davichmarket.com/image/image-view?type=ICON&id1=20220102_low.png,654,0,2024-10-07
아큐브,아큐브 1DAY - 오아시스 난시 (30P),"41,000원",47%,https://img.davichmarket.com/image/image-view?type=GOODSDTL&id1=20240223_549ce92ee2dcbecb11481b42aaf64401a685d7b00a4d37d3a460d00ceca5422a_700x875x02,https://img.davichmarket.com/image/image-view?type=ICON&id1=20220102_low.png,701,0,2024-10-07
DAVICHLENS,1MONTH 퓨어링 난시 초코 (2P),"25,000원",NA,https://img.davichmarket.com/image/image-view?type=GOODSDTL&id1=20240623_9ad1854e26e167f0519aeae55a07af60a4532bfbeab5c683eb2e39a8e38160de_700x875x02,https://img.davichmarket.com/image/image-view?type=ICON&id1=20240628_1719536995910.png,890,0,2024-10-07
라이트 컬렉션,1MONTH - 라이트 오브제 초코 (1P),"5,000원",NA,https://img.davichmarket.com/image/image-view?type=GOODSDTL&id1=20240223_908f66a203dd04d692708bb8a7113f357565bd11cc496b8ffdc7e62913f137f6_700x875x02,https://img.davichmarket.com/image/image-view?type=ICON&id1=20240628_1719536995910.png,"4,371",0,2024-10-07
DAVICHLENS,3DAY 아쿠아 클리어 (30P),"32,000원",40%,https://img.davichmarket.com/image/image-view?type=GOODSDTL&id1=20231031_e2ee7a0794a36504d0ee2227f049c0876cba096fec87c5bf7f0c8512124639e9_700x875x02,https://img.davichmarket.com/image/image-view?type=ICON&id1=20240628_1719536995910.png,"1,011",4.3,2024-10-07
DAVICHLENS,1DAY 그레이스 브라운 (30P),"29,000원",41%,https://img.davichmarket.com/image/image-view?type=GOODSDTL&id1=20240322_6031e8299a7c02072b63c26ae116cb83386c64b9c013d1cac8683fb3a2901b4a_700x875x02,https://img.davichmarket.com/image/image-view?type=ICON&id1=20240628_1719536995910.png,593,5,2024-10-07
쿠퍼비전,쿠퍼비젼 1DAY - 마이데이 난시 (30P),"33,500원",48%,https://img.davichmarket.com/image/image-view?type=GOODSDTL&id1=20240105_209765a8a7ff097bb233680063cf9cceba3314fc386a8043b18ec0cd62d4f824_700x875x02,https://img.davichmarket.com/image/image-view?type=ICON&id1=20240628_1719536995910.png,441,4,2024-10-07
라이트 컬렉션,1MONTH - 라이트 오브제 그레이 (1P),"5,000원",NA,https://img.davichmarket.com/image/image-view?type=GOODSDTL&id1=20240223_2de6c217cb64a139bcedf2ae670089241e634b004a1e205b72b40146db111787_700x875x02,https://img.davichmarket.com/image/image-view?type=ICON&id1=20240628_1719536995910.png,"4,449",0,2024-10-07
DAVICHLENS,1MONTH 헤이미쉬 올리브 & 블랙 (2P),"15,000원",NA,https://img.davichmarket.com/image/image-view?type=GOODSDTL&id1=20230004_G2301170906_9733.jpg,https://img.davichmarket.com/image/image-view?type=ICON&id1=20230629_1687988354262.png,920,5,2024-10-07
라이트 컬렉션,1MONTH - 라이트 하이틴트 브라운 (1P),"5,000원",NA,https://img.davichmarket.com/image/image-view?type=GOODSDTL&id1=20240624_38b06f128268344b42611a9ba8f0cceb08dca92294e03e4689f3cbb000e95a56_700x875x02,https://img.davichmarket.com/image/image-view?type=ICON&id1=20240628_1719536995910.png,"3,570",0,2024-10-07
라이트 컬렉션,1MONTH -라이트 코제트 그레이 (1P),"5,000원",NA,https://img.davichmarket.com/image/image-view?type=GOODSDTL&id1=20231214_ba8a2b59a503a3f183a7c9eb3c5b279bc6200ac2c26dbfad4b4f437f01cca11a_700x875x02,https://img.davichmarket.com/image/image-view?type=ICON&id1=20240628_1719536995910.png,"3,195",0,2024-10-07
아큐브,아큐브 1DAY - 오아시스 근시 대용량 (90P),"95,000원",45%,https://img.davichmarket.com/image/image-view?type=GOODSDTL&id1=20240223_54984a3abfd100ef7f2bdc20c3842501a106c13fd4b7ce3d9a25f77f5e126001_700x875x02,https://img.davichmarket.com/image/image-view?type=ICON&id1=20220102_low.png,489,0,2024-10-07
DAVICHLENS,1DAY 그레이스 그레이 (30P),"29,000원",41%,https://img.davichmarket.com/image/image-view?type=GOODSDTL&id1=20240322_283606e2a16aebcd18056abf7d7d8dfd5a40d99d026ed695dc0435f8b684807b_700x875x02,https://img.davichmarket.com/image/image-view?type=ICON&id1=20240628_1719536995910.png,598,0,2024-10-07
DAVICHLENS,쿠퍼비전 1MONTH - 바이오피니티 근시/원시 (6P),"31,000원",49%,https://img.davichmarket.com/image/image-view?type=GOODSDTL&id1=20230004_G2205271519_8961.jpg,https://img.davichmarket.com/image/image-view?type=ICON&id1=20240628_1719536995910.png,717,0,2024-10-07
DAVICHLENS,1DAY 아쿠아루틴 (30P),"27,000원",45%,https://img.davichmarket.com/image/image-view?type=GOODSDTL&id1=20230915_f9972646b79f8554e17867989d24b60243502da2caec97a382981f9516ae673b_700x875x02,https://img.davichmarket.com/image/image-view?type=ICON&id1=20240628_1719536995910.png,515,3,2024-10-07
DAVICHLENS,1MONTH 퓨어링 브라운 & 초코 (2P),"15,000원",NA,https://img.davichmarket.com/image/image-view?type=GOODSDTL&id1=20240623_a89161200d88ec29926b9c92315dfd2d9a9438d169483dcf098a3602927b5703_700x875x02,https://img.davichmarket.com/image/image-view?type=ICON&id1=20240628_1719536995910.png,"1,010",5,2024-10-07
라이트 컬렉션,1MONTH -라이트 코제트 블루 (1P),"5,000원",NA,https://img.davichmarket.com/image/image-view?type=GOODSDTL&id1=20231214_4a01718f28872d631e64f83cfbba341f1ab9715087ea80d26401aab0873356c5_700x875x02,https://img.davichmarket.com/image/image-view?type=ICON&id1=20240628_1719536995910.png,"2,391",0,2024-10-07
DAVICHLENS,3DAY 메르시 초코 (10P),"20,000원",20%,https://img.davichmarket.com/image/image-view?type=GOODSDTL&id1=20230004_G2205171727_8940.jpg,NA,441,5,2024-10-07
아큐브,아큐브 1DAY - 오아시스 난시 대용량 (90P),"105,000원",46%,https://img.davichmarket.com/image/image-view?type=GOODSDTL&id1=20240223_e76306faa096fbcedfae59050a9c4f0afe7f701d1cb997e48ad0e66e24c376d8_700x875x02,https://img.davichmarket.com/image/image-view?type=ICON&id1=20220102_low.png,444,0,2024-10-07
라이트 컬렉션,1MONTH - 라이트 피에르 블루 (1P),"5,000원",NA,https://img.davichmarket.com/image/image-view?type=GOODSDTL&id1=20240624_135d6855ef5533488d86faefe10fcd4f3837d10771c591048223d227558b58d6_700x875x02,https://img.davichmarket.com/image/image-view?type=ICON&id1=20240628_1719536995910.png,723,0,2024-10-07
DAVICHLENS,3DAY 밸런시 클리어 (10P),"10,000원",60%,https://img.davichmarket.com/image/image-view?type=GOODSDTL&id1=20230004_G2112281738_8868.jpg,https://img.davichmarket.com/image/image-view?type=ICON&id1=20220102_low.png,640,5,2024-10-07
DAVICHLENS,쿠퍼비젼 1MONTH - 바이오피니티 에너지스 (6P),"60,000원",20%,https://img.davichmarket.com/image/image-view?type=GOODSDTL&id1=20240227_05b38d7ce212df0f70bdd4c7c0da15cfc23a618ead26bef6b97d6fac10ca589e_700x875x02,https://img.davichmarket.com/image/image-view?type=ICON&id1=20220102_only.png,445,5,2024-10-07
라이트 컬렉션,1MONTH - 라이트 피에르 브라운 (1P),"5,000원",NA,https://img.davichmarket.com/image/image-view?type=GOODSDTL&id1=20240618_66109421cd086928d5a3c335858ced9c9ee027dffdb670de731bf2c8df4a8c74_700x875x02,https://img.davichmarket.com/image/image-view?type=ICON&id1=20240628_1719536995910.png,472,0,2024-10-07
라이트 컬렉션,1MONTH - 라이트 피에르 그레이 (1P),"5,000원",NA,https://img.davichmarket.com/image/image-view?type=GOODSDTL&id1=20240624_50610b354ac808e0d21b090fad6b4060f64c708ec627c5ef23bbac45a0a3a118_700x875x02,https://img.davichmarket.com/image/image-view?type=ICON&id1=20240628_1719536995910.png,541,0,2024-10-07
알콘,알콘 1DAY - 토탈원 워터렌즈 난시 (35P),"45,000원",35%,https://img.davichmarket.com/image/image-view?type=GOODSDTL&id1=20230004_G2212191142_9698.jpg,https://img.davichmarket.com/image/image-view?type=ICON&id1=20220102_low.png,252,0,2024-10-07
바슈롬,바슈롬 1DAY - 바이오트루 근시 (30P),"25,000원",42%,https://img.davichmarket.com/image/image-view?type=GOODSDTL&id1=20230004_G2101271515_8573.jpg,https://img.davichmarket.com/image/image-view?type=ICON&id1=20220102_low.png,324,0,2024-10-07
쿠퍼비전,쿠퍼비전 1MONTH - 바이오피니티 난시 (6P),"37,000원",64%,https://img.davichmarket.com/image/image-view?type=GOODSDTL&id1=20230004_G2205271342_8957.jpg,https://img.davichmarket.com/image/image-view?type=ICON&id1=20240628_1719536995910.png,631,0,2024-10-07
DAVICHLENS,1MONTH 디어비 브라운 & 그레이 (2P),"15,000원",NA,https://img.davichmarket.com/image/image-view?type=GOODSDTL&id1=20240623_753a733455b449ad8ecc89be069d4ad337474363c9bf05e60e0684566e91a808_700x875x02,https://img.davichmarket.com/image/image-view?type=ICON&id1=20240628_1719536995910.png,602,5,2024-10-07
DAVICHLENS,1MONTH 아쿠아 투명렌즈 근시 (2P),"15,000원",25%,https://img.davichmarket.com/image/image-view?type=GOODSDTL&id1=20230004_G2303241630_9861.jpg,https://img.davichmarket.com/image/image-view?type=ICON&id1=20230629_1687988354262.png,569,0,2024-10-07
라이트 컬렉션,1MONTH -라이트 위닝 초코 (1P),"5,000원",NA,https://img.davichmarket.com/image/image-view?type=GOODSDTL&id1=20231214_c76304f3aebc5c86a63e51aefbbaf4181854bb5c8436d55cbd75c812c51a321e_700x875x02,https://img.davichmarket.com/image/image-view?type=ICON&id1=20240628_1719536995910.png,"1,635",0,2024-10-07
아큐브,아큐브 1DAY - 모이스트 근시 (30P),"22,000원",41%,https://img.davichmarket.com/image/image-view?type=GOODSDTL&id1=20230004_G2206291901_9079.jpg,NA,223,0,2024-10-07
아큐브,아큐브 1MONTH - 비타 난시 (6P),"113,000원",NA,https://img.davichmarket.com/image/image-view?type=GOODSDTL&id1=20240223_2dee880b0c28110ee41fddba05439c8c75aa046a85927b21f9e0f10ddfbce197_700x875x02,NA,396,5,2024-10-07
알콘,알콘 1DAY - 토탈원 워터렌즈 멀티포컬 (30P),"51,000원",32%,https://img.davichmarket.com/image/image-view?type=GOODSDTL&id1=20240223_a9511a166a1ef4f0584e028b98b6120435296d278b25b1ba8dbd09f02dd35349_700x875x02,NA,136,0,2024-10-07
DAVICHLENS,1MONTH 아쿠아 투명렌즈 난시 (2P),"20,000원",33%,https://img.davichmarket.com/image/image-view?type=GOODSDTL&id1=20230004_G2303241747_9862.jpg,https://img.davichmarket.com/image/image-view?type=ICON&id1=20230629_1687988354262.png,476,0,2024-10-07
DAVICHLENS,3DAY 클라우드 투명 (20P),"20,000원",33%,https://img.davichmarket.com/image/image-view?type=GOODSDTL&id1=20231212_11fae5d4e777ea281c6beaad6d6f2273a6f3cdebbd7de55d3c3bfa9d7a076f97_700x875x02,https://img.davichmarket.com/image/image-view?type=ICON&id1=20240628_1719536995910.png,661,5,2024-10-07
DAVICHLENS,1MONTH 베일링 카키 (2P),"20,000원",NA,https://img.davichmarket.com/image/image-view?type=GOODSDTL&id1=20230004_G2306091635_10167_1.jpg,https://img.davichmarket.com/image/image-view?type=ICON&id1=20240628_1719536995910.png,620,0,2024-10-07
DAVICHLENS,3DAY 메르시 브라운 (10P),"20,000원",20%,https://img.davichmarket.com/image/image-view?type=GOODSDTL&id1=20230004_G2205171715_8939.jpg,NA,262,5,2024-10-07
아큐브,아큐브 1MONTH - 비타 근시 (6P),"64,000원",NA,https://img.davichmarket.com/image/image-view?type=GOODSDTL&id1=20240223_9a33212d5065fca64e7bd99c1b5bcedb76203698c4c74f894cfbb9c652fe9695_700x875x02,NA,363,0,2024-10-07
DAVICHLENS,1DAY 그레이스 카키 (30P),"29,000원",41%,https://img.davichmarket.com/image/image-view?type=GOODSDTL&id1=20240322_81adb86326937605e8c9516488e36a6c30a1d00f47136e970c8ba2f694acfd1c_700x875x02,https://img.davichmarket.com/image/image-view?type=ICON&id1=20240628_1719536995910.png,303,5,2024-10-07
DAVICHLENS,1MONTH 퓨어링 난시 브라운 (2P),"25,000원",NA,https://img.davichmarket.com/image/image-view?type=GOODSDTL&id1=20240623_fa77aa0dcffdb027db2e7c5720b4d12dbce4af665aebf809091ca7f6ce6ecd1d_700x875x02,https://img.davichmarket.com/image/image-view?type=ICON&id1=20240628_1719536995910.png,386,0,2024-10-07
DAVICHLENS,3DAY 스카치 그레이 (10P),"20,000원",20%,https://img.davichmarket.com/image/image-view?type=GOODSDTL&id1=20230004_G2205171737_8942.jpg,https://img.davichmarket.com/image/image-view?type=ICON&id1=20220102_hot.png,240,4.3,2024-10-07
DAVICHLENS,7DAY 하트밤 초코 (10P),"15,000원",NA,https://img.davichmarket.com/image/image-view?type=GOODSDTL&id1=20230004_G2010081803_8339.jpg,NA,373,5,2024-10-07
DAVICHLENS,3DAY 셀레네 블랙 (20P),"28,000원",26%,https://img.davichmarket.com/image/image-view?type=GOODSDTL&id1=20240623_57b1e8cc637dcf01b5816d9f9b038b0e488ef158e7ed4f3a4e3551ff290b8415_700x875x02,https://img.davichmarket.com/image/image-view?type=ICON&id1=20240628_1719536995910.png,503,0,2024-10-07
DAVICHLENS,3DAY 뉴리시 그레이 (10P),"10,000원",60%,https://img.davichmarket.com/image/image-view?type=GOODSDTL&id1=20230004_G2112281739_8869.jpg,https://img.davichmarket.com/image/image-view?type=ICON&id1=20240628_1719536995910.png,292,5,2024-10-07
DAVICHLENS,3DAY 돌체링 브라운 (20P) ,"28,000원",26%,https://img.davichmarket.com/image/image-view?type=GOODSDTL&id1=20240318_5c7fa3750ffd1352a24baada7071a267899d6272e2306b52caaeef5b0f00ddc5_700x875x02,https://img.davichmarket.com/image/image-view?type=ICON&id1=20240628_1719536995910.png,456,5,2024-10-07
DAVICHLENS,3DAY 스카치 브라운 (10P),"20,000원",20%,https://img.davichmarket.com/image/image-view?type=GOODSDTL&id1=20230004_G2205171731_8941.jpg,https://img.davichmarket.com/image/image-view?type=ICON&id1=20220102_hot.png,214,5,2024-10-07
DAVICHLENS,1MONTH 메리링 브라운 & 그레이 (2P) ,"15,000원",NA,https://img.davichmarket.com/image/image-view?type=GOODSDTL&id1=20230004_G2210142152_9483.jpg,https://img.davichmarket.com/image/image-view?type=ICON&id1=20240628_1719536995910.png,260,0,2024-10-07
쿠퍼비전,쿠퍼비젼 1DAY - 클래리티 멀티포컬 (30P),"50,000원",17%,https://img.davichmarket.com/image/image-view?type=GOODSDTL&id1=20240227_f05f132c78fc1fa1454c994d8ad8cb1b68504a6f4dbdc5fda4f386586c14e133_700x875x02,https://img.davichmarket.com/image/image-view?type=ICON&id1=20220102_only.png,107,5,2024-10-07
DAVICHLENS,1MONTH 디어비 난시 브라운 (2P),"25,000원",NA,https://img.davichmarket.com/image/image-view?type=GOODSDTL&id1=20230004_G2302281517_9826.jpg,https://img.davichmarket.com/image/image-view?type=ICON&id1=20240628_1719536995910.png,277,0,2024-10-07
DAVICHLENS,3DAY 러블리믹스 브라운 (20P),"26,000원",32%,https://img.davichmarket.com/image/image-view?type=GOODSDTL&id1=20230004_G1809111839_1432.jpg,https://img.davichmarket.com/image/image-view?type=ICON&id1=20220102_low.png,329,5,2024-10-07
DAVICHLENS,3DAY 뉴리시 브라운 (10P),"10,000원",60%,https://img.davichmarket.com/image/image-view?type=GOODSDTL&id1=20230004_G2210311857_9519.jpg,https://img.davichmarket.com/image/image-view?type=ICON&id1=20240628_1719536995910.png,94,0,2024-10-07
DAVICHLENS,3DAY 뉴미라클 초코 (20P),"28,000원",26%,https://img.davichmarket.com/image/image-view?type=GOODSDTL&id1=20240311_c5e781fb9f3a043a95acfc5a9d4f942bf0bb1d5a39723caaa87eba6b3ff24595_700x875x02,https://img.davichmarket.com/image/image-view?type=ICON&id1=20240628_1719536995910.png,293,5,2024-10-07
DAVICHLENS,1MONTH 핫세 초코 (2P),"20,000원",NA,https://img.davichmarket.com/image/image-view?type=GOODSDTL&id1=20230801_ba4098f099bca009000018459e330a82860c9a0826d1519323738cf183f2a697_700x875x02,https://img.davichmarket.com/image/image-view?type=ICON&id1=20240628_1719536995910.png,308,0,2024-10-07
DAVICHLENS,3DAY 돌체링 그레이 (20P),"28,000원",26%,https://img.davichmarket.com/image/image-view?type=GOODSDTL&id1=20240318_007baed91e74d8a2d42df537fbc5704328e487af9098e37f79a3d435b50ac6d8_700x875x02,https://img.davichmarket.com/image/image-view?type=ICON&id1=20240628_1719536995910.png,430,0,2024-10-07
DAVICHLENS,3DAY 팔레트 그레이 (20p),"26,000원",32%,https://img.davichmarket.com/image/image-view?type=GOODSDTL&id1=20230004_G1909301504_6971.jpg,https://img.davichmarket.com/image/image-view?type=ICON&id1=20220102_low.png,329,5,2024-10-07
라이트 컬렉션,1MONTH -라이트 위닝 그레이 (1P),"5,000원",NA,https://img.davichmarket.com/image/image-view?type=GOODSDTL&id1=20231214_6b4e8ebd9319428dba50e6abffd70dde6b0fe0121ad1a2643ac759f35652d637_700x875x02,https://img.davichmarket.com/image/image-view?type=ICON&id1=20240628_1719536995910.png,"1,670",0,2024-10-07
DAVICHLENS,1DAY 퓨어링 초코 (30P),"29,000원",41%,https://img.davichmarket.com/image/image-view?type=GOODSDTL&id1=20240623_5bb92799472f1ef2ffcad01d200b9a36e117b7ed98475b7c461c12177a455f0d_700x875x02,https://img.davichmarket.com/image/image-view?type=ICON&id1=20240628_1719536995910.png,387,0,2024-10-07
라이트 컬렉션,1MONTH - 라이트 하이틴트 그레이 (1P),"5,000원",NA,https://img.davichmarket.com/image/image-view?type=GOODSDTL&id1=20240313_0b3cd84fbcf9743a3a582dfd075963fdcc14cefae88b2128c5687121193a5001_700x875x02,https://img.davichmarket.com/image/image-view?type=ICON&id1=20240628_1719536995910.png,"1,802",0,2024-10-07
DAVICHLENS,1MONTH 핫세 그란데 초코 (2P),"20,000원",NA,https://img.davichmarket.com/image/image-view?type=GOODSDTL&id1=20230801_0e6f7b79086a1e0c01ea3f1f3a6eea6b0ae669741d1ffe6455e8065efcb72633_700x875x02,https://img.davichmarket.com/image/image-view?type=ICON&id1=20240628_1719536995910.png,531,0,2024-10-07
DAVICHLENS,3DAY 러블리믹스 클리어 (30P),"27,000원",40%,https://img.davichmarket.com/image/image-view?type=GOODSDTL&id1=20231214_38be9c98e348a97c9184e6b672c689014aa9c88d454b688970cd7d2fa7dbfd1a_700x875x02,https://img.davichmarket.com/image/image-view?type=ICON&id1=20220102_low.png,267,0,2024-10-07
DAVICHLENS,3DAY 팔레트 브라운 (20P),"26,000원",32%,https://img.davichmarket.com/image/image-view?type=GOODSDTL&id1=20230004_G1909301436_6968.jpg,https://img.davichmarket.com/image/image-view?type=ICON&id1=20220102_low.png,327,5,2024-10-07
아큐브,아큐브 1DAY - 모이스트 멀티포컬 (30P),"35,000원",45%,https://img.davichmarket.com/image/image-view?type=GOODSDTL&id1=20230004_G2010121005_8352.jpg,NA,106,0,2024-10-07
DAVICHLENS,3DAY 코코링 브라운 (10P),"20,000원",20%,https://img.davichmarket.com/image/image-view?type=GOODSDTL&id1=20230004_G2201071651_8892.jpg,NA,246,4.4,2024-10-07
DAVICHLENS,3DAY 뉴스타리 데이 브라운 (20P),"28,000원",26%,https://img.davichmarket.com/image/image-view?type=GOODSDTL&id1=20230004_G2305221444_10113_1.jpg,https://img.davichmarket.com/image/image-view?type=ICON&id1=20240628_1719536995910.png,281,0,2024-10-07
DAVICHLENS,1MONTH 베일링 베이지 (2P),"20,000원",33%,https://img.davichmarket.com/image/image-view?type=GOODSDTL&id1=20230004_G2306091511_10165_1.jpg,https://img.davichmarket.com/image/image-view?type=ICON&id1=20240628_1719536995910.png,424,0,2024-10-07
아큐브,아큐브 2WEEKS - 오아시스 근시 (6P),"23,000원",50%,https://img.davichmarket.com/image/image-view?type=GOODSDTL&id1=20240223_c41d1f172c8e9c7339b61761563d2872e7c99855cbd69d72da8067513f4aab06_700x875x02,NA,284,0,2024-10-07
DAVICHLENS,3DAY 러블리믹스 그레이 (20P),"26,000원",32%,https://img.davichmarket.com/image/image-view?type=GOODSDTL&id1=20230004_G1809111847_1433.jpg,https://img.davichmarket.com/image/image-view?type=ICON&id1=20220102_low.png,262,5,2024-10-07
DAVICHLENS,3DAY 오로라 브라운 (20P),"28,000원",26%,https://img.davichmarket.com/image/image-view?type=GOODSDTL&id1=20230004_G2306261745_10207_1.jpg,https://img.davichmarket.com/image/image-view?type=ICON&id1=20240628_1719536995910.png,224,0,2024-10-07
쿠퍼비전,쿠퍼비젼 1DAY - 마이데이 원데이 근시 (30P),"29,500원",40%,https://img.davichmarket.com/image/image-view?type=GOODSDTL&id1=20230004_G2209301453_9335.jpg,https://img.davichmarket.com/image/image-view?type=ICON&id1=20240628_1719536995910.png,209,0,2024-10-07
아큐브,아큐브 1DAY - 모이스트 난시 (30P),"31,000원",43%,https://img.davichmarket.com/image/image-view?type=GOODSDTL&id1=20230004_G2010121030_8354.jpg,NA,179,0,2024-10-07
DAVICHLENS,3DAY 셀레네 브라운 (20P),"28,000원",26%,https://img.davichmarket.com/image/image-view?type=GOODSDTL&id1=20240623_0b207694ea0054dc0aabe4bd1d6aff78ad565fa7c4173a5b6ec69c6ccc6793ab_700x875x02,https://img.davichmarket.com/image/image-view?type=ICON&id1=20240628_1719536995910.png,357,0,2024-10-07
라이트 컬렉션,1MONTH - 라이트 리얼 브라운 (1P),"5,000원",NA,https://img.davichmarket.com/image/image-view?type=GOODSDTL&id1=20240630_54d8f5f60a4135abda407de369963980cfb36793797a717f048eab735a4ec09b_700x875x02,https://img.davichmarket.com/image/image-view?type=ICON&id1=20240628_1719536995910.png,778,0,2024-10-07
바슈롬,바슈롬 1DAY - 울트라 (30P),"32,000원",42%,https://img.davichmarket.com/image/image-view?type=GOODSDTL&id1=20240227_d21ee271966c726fbeae1f62dd6061ebdf8384a5cbc3d178c1caf1f81e4e819e_700x875x02,https://img.davichmarket.com/image/image-view?type=ICON&id1=20220102_low.png,121,5,2024-10-07
바슈롬,바슈롬 1DAY - 레이셀 오로라블랙 (30P),"35,000원",36%,https://img.davichmarket.com/image/image-view?type=GOODSDTL&id1=20230004_G2305261156_10142.jpg,https://img.davichmarket.com/image/image-view?type=ICON&id1=20220102_low.png,312,0,2024-10-07
인터로조,클라렌 1DAY - 수지 브라운 (30P),"26,000원",46%,https://img.davichmarket.com/image/image-view?type=GOODSDTL&id1=20240227_aed365c0dfd5546795cdb640d8a8cab3d8afb34d53214ba094f8ed1a450fa7fe_700x875x02,https://img.davichmarket.com/image/image-view?type=ICON&id1=20220102_low.png,165,0,2024-10-07
아큐브,아큐브 1DAY - 뉴디파인 비비드 (30P),"59,000원",NA,https://img.davichmarket.com/image/image-view?type=GOODSDTL&id1=20230004_G2010081425_8330.jpg,NA,86,0,2024-10-07
DAVICHLENS,1MONTH 디어비 난시 그레이 (2P),"25,000원",NA,https://img.davichmarket.com/image/image-view?type=GOODSDTL&id1=20240623_2a831e2062cebe7f096a0697bba1e0a198c7d5e444c92d98bde102656fdaa462_700x875x02,https://img.davichmarket.com/image/image-view?type=ICON&id1=20240628_1719536995910.png,204,0,2024-10-07
라이트 컬렉션,1MONTH -라이트 위닝 블루 (1P),"5,000원",NA,https://img.davichmarket.com/image/image-view?type=GOODSDTL&id1=20231214_4927fc32f77f6b4c4cc14597c8c04f93098365ccdd5f5bf9f8859dd6075eeae5_700x875x02,https://img.davichmarket.com/image/image-view?type=ICON&id1=20240628_1719536995910.png,706,0,2024-10-07
DAVICHLENS,1DAY 퓨어링 브라운 (30P),"29,000원",41%,https://img.davichmarket.com/image/image-view?type=GOODSDTL&id1=20240623_daeb66764c4d446e8b4c6d0656a46d2fcd9e6a2690ebeede254d975289ec1aef_700x875x02,https://img.davichmarket.com/image/image-view?type=ICON&id1=20240628_1719536995910.png,196,0,2024-10-07
쿠퍼비전,쿠퍼비젼 1DAY - 마이데이 근시 대용량 (90P),"75,500원",40%,https://img.davichmarket.com/image/image-view?type=GOODSDTL&id1=20230004_G2209301802_9343.jpg,https://img.davichmarket.com/image/image-view?type=ICON&id1=20240628_1719536995910.png,169,0,2024-10-07
알콘,알콘 1DAY - 토탈원 워터렌즈 난시 (90p),"124,000원",31%,https://img.davichmarket.com/image/image-view?type=GOODSDTL&id1=20231031_2d3ab404ddce57c37a9dd4cfb205b0acc5ee2673157490a62284240437a5e476_700x875x02,https://img.davichmarket.com/image/image-view?type=ICON&id1=20220102_low.png,65,0,2024-10-07
알콘,알콘 1DAY - 토탈원 워터렌즈 근시 (90P),"90,000원",47%,https://img.davichmarket.com/image/image-view?type=GOODSDTL&id1=20240630_8510966ce791e0d2132f1b338e8462b99e1f96dd4c9466b585cff904ebedc366_700x875x02,https://img.davichmarket.com/image/image-view?type=ICON&id1=20220102_low.png,69,0,2024-10-07
DAVICHLENS,3DAY 뮤트 블랙 (10P),"18,000원",NA,https://img.davichmarket.com/image/image-view?type=GOODSDTL&id1=20240708_276e89e471e55c606ae1b55912be524bf0ece9b1464439a151dea6214ca91177_700x875x02,https://img.davichmarket.com/image/image-view?type=ICON&id1=20220102_new.png,215,0,2024-10-07
DAVICHLENS,3DAY 뉴스타리 나이트 블랙 (20P),"28,000원",26%,https://img.davichmarket.com/image/image-view?type=GOODSDTL&id1=20230004_G2305221421_10108_1.jpg,https://img.davichmarket.com/image/image-view?type=ICON&id1=20240628_1719536995910.png,249,0,2024-10-07
DAVICHLENS,3DAY 코코링 그레이 (10P),"20,000원",20%,https://img.davichmarket.com/image/image-view?type=GOODSDTL&id1=20230004_G2201071710_8895.jpg,NA,185,4.3,2024-10-07
라이트 컬렉션,1MONTH - 라이트 피오라 베이지 (1P),"5,000원",NA,https://img.davichmarket.com/image/image-view?type=GOODSDTL&id1=20231107_5693d4c94a8d801bcc17d46df91266e609e156a8e77d479a09793c657d6b1936_700x875x02,https://img.davichmarket.com/image/image-view?type=ICON&id1=20240628_1719536995910.png,795,0,2024-10-07
DAVICHLENS,3DAY 밸런시 클리어 30P,"39,000원",40%,https://img.davichmarket.com/image/image-view?type=GOODSDTL&id1=20230714_3d8a1ce81946963d0e40ecf57627b16436bdbdf7a3693f3e70354cd0b99a1f8f_700x875x02,https://img.davichmarket.com/image/image-view?type=ICON&id1=20220102_low.png,184,0,2024-10-07
DAVICHLENS,3DAY 아쿠아 클리어 난시 (30P),"39,000원",39%,https://img.davichmarket.com/image/image-view?type=GOODSDTL&id1=20231102_b92ff74901ade2762f466df96280aaa260fd3dfe2fef84ffd306ace3919336e2_700x875x02,https://img.davichmarket.com/image/image-view?type=ICON&id1=20240628_1719536995910.png,175,0,2024-10-07
DAVICHLENS,3DAY 뉴미라클 브라운(20P),"28,000원",26%,https://img.davichmarket.com/image/image-view?type=GOODSDTL&id1=20240311_5e00155e2d287039d9653729ffa0a572fd081649f607021c2ea91ce0f6d923b8_700x875x02,https://img.davichmarket.com/image/image-view?type=ICON&id1=20240628_1719536995910.png,127,5,2024-10-07
DAVICHLENS,3DAY 오로라 그레이 (20P),"28,000원",26%,https://img.davichmarket.com/image/image-view?type=GOODSDTL&id1=20230004_G2306271313_10211_1.jpg,https://img.davichmarket.com/image/image-view?type=ICON&id1=20240628_1719536995910.png,207,0,2024-10-07
DAVICHLENS,1MONTH 핫세 그란데 그레이 (2P),"20,000원",NA,https://img.davichmarket.com/image/image-view?type=GOODSDTL&id1=20230801_8c86d94deaa2ddf3836cadabeab4f0207a88d5147d460c23b2a9b81f029e3ec8_700x875x02,https://img.davichmarket.com/image/image-view?type=ICON&id1=20240628_1719536995910.png,236,0,2024-10-07
아큐브,아큐브 1DAY - 뉴디파인 엑센트 (30P),"59,000원",NA,https://img.davichmarket.com/image/image-view?type=GOODSDTL&id1=20230004_G2010081411_8329.jpg,NA,72,0,2024-10-07
라이트 컬렉션,1MONTH - 라이트 럭스 브라운 (1P),"5,000원",NA,https://img.davichmarket.com/image/image-view?type=GOODSDTL&id1=20231027_fbeea790f422dc5f600335c6ca9d47e3915888a32305dc18c563c5a2b647c211_700x875x02,https://img.davichmarket.com/image/image-view?type=ICON&id1=20240628_1719536995910.png,575,0,2024-10-07
아큐브,아큐브 1DAY - 영디파인 래디언트 브라이트 (30P),"54,000원",NA,https://img.davichmarket.com/image/image-view?type=GOODSDTL&id1=20230004_G2010081722_8334.jpg,NA,61,0,2024-10-07
DAVICHLENS,3DAY 코코링 헤이즈 (10P),"20,000원",20%,https://img.davichmarket.com/image/image-view?type=GOODSDTL&id1=20230004_G2201071710_8896.jpg,NA,146,4.8,2024-10-07
인터로조,클라렌 1DAY - 아이리스 난시 헤일로브라운 (30P),"45,000원",18%,https://img.davichmarket.com/image/image-view?type=GOODSDTL&id1=20220624_5cf7f712670483898052f6edcc2ea0d2d7a5080d4044fdfefdbb25cbdb63b8b7_735x645x02,https://img.davichmarket.com/image/image-view?type=ICON&id1=20230629_1687988578658.png,85,0,2024-10-07
인터로조,클라렌 1DAY - 수지 그레이 (30P),"26,000원",46%,https://img.davichmarket.com/image/image-view?type=GOODSDTL&id1=20230004_G2010121749_8369.jpg,NA,173,0,2024-10-07
라이트 컬렉션,1MONTH - 라이트 피오라 브라운 (1P),"5,000원",NA,https://img.davichmarket.com/image/image-view?type=GOODSDTL&id1=20231107_64b8c4880a64040263777887be9111236d3736e60f099deda204cb58908f3ccd_700x875x02,https://img.davichmarket.com/image/image-view?type=ICON&id1=20240628_1719536995910.png,652,0,2024-10-07
DAVICHLENS,1MONTH 퓨어링 올리브 (2P),"15,000원",NA,https://img.davichmarket.com/image/image-view?type=GOODSDTL&id1=20240623_763145867187d1f94bc5d97b2b141ef295afeb39f6c46264696e751ef3d516f0_700x875x02,https://img.davichmarket.com/image/image-view?type=ICON&id1=20240628_1719536995910.png,213,0,2024-10-07
DAVICHLENS,1MONTH 베일링 난시 베이지 (2P),"30,000원",NA,https://img.davichmarket.com/image/image-view?type=GOODSDTL&id1=20230824_144a698e8708120cdcd26d200671be9ad1ffb411871f56fa1356a0a86a28be11_700x875x02,https://img.davichmarket.com/image/image-view?type=ICON&id1=20240628_1719536995910.png,132,0,2024-10-07
라이트 컬렉션,1MONTH - 라이트 피오라 그레이 (1P),"5,000원",NA,https://img.davichmarket.com/image/image-view?type=GOODSDTL&id1=20231107_d328a3b2b1b9b272782b21f15d7bf76feda6f543a6691ea82a8aa0f8165f0095_700x875x02,https://img.davichmarket.com/image/image-view?type=ICON&id1=20240628_1719536995910.png,644,0,2024-10-07
DAVICHLENS,1MONTH 무드 블랙 (2P),"20,000원",NA,https://img.davichmarket.com/image/image-view?type=GOODSDTL&id1=20230801_57472a9a29a26c22597ee64a476332ccd3b02187bdba10842a37765d75a602e8_700x875x02,https://img.davichmarket.com/image/image-view?type=ICON&id1=20240628_1719536995910.png,212,0,2024-10-07
DAVICHLENS,1MONTH 핫세 그란데 브라운 (2P),"20,000원",NA,https://img.davichmarket.com/image/image-view?type=GOODSDTL&id1=20230801_e1d6aff375268dd813f2a60237e91e93b0b8fa5be9449348114436edf96f228b_700x875x02,https://img.davichmarket.com/image/image-view?type=ICON&id1=20240628_1719536995910.png,164,0,2024-10-07
DAVICHLENS,1MONTH 베일링 난시 카키 (2P),"30,000원",NA,https://img.davichmarket.com/image/image-view?type=GOODSDTL&id1=20230824_b1a4ce64b36a1901acf0ae36204d4e40ace65c149174c8f8f518a2ec6b98e537_700x875x02,NA,137,0,2024-10-07
바슈롬,바슈롬 1DAY - 레이셀 스파클링 블랙 (30P),"35,000원",36%,https://img.davichmarket.com/image/image-view?type=GOODSDTL&id1=20230004_G2101121559_8552.jpg,NA,108,0,2024-10-07
인터로조,클라렌 1DAY - 아이리스  난시 헤일로그레이 (30P),"45,000원",18%,https://img.davichmarket.com/image/image-view?type=GOODSDTL&id1=20220624_fd590204077beb7345f7b0b5d1f04fbb768145ab20139bebe7fb5a6bb79f4391_735x645x02,https://img.davichmarket.com/image/image-view?type=ICON&id1=20220102_low.png,84,0,2024-10-07
DAVICHLENS,1MONTH 미닝 브라운 (2P),"25,000원",NA,https://img.davichmarket.com/image/image-view?type=GOODSDTL&id1=20240226_a3eb40e88c18dda97f4ff7d79d855f3c4fa85e6d772ccf7e7d629918a66f6d5f_700x875x02,https://img.davichmarket.com/image/image-view?type=ICON&id1=20240628_1719536995910.png,164,0,2024-10-07
아큐브,아큐브 1DAY - 영디파인 차밍 (30P),"54,000원",NA,https://img.davichmarket.com/image/image-view?type=GOODSDTL&id1=20230004_G2010120920_8343.jpg,NA,67,0,2024-10-07
DAVICHLENS,1DAY 듀우이 베이지 (10P),"10,000원",50%,https://img.davichmarket.com/image/image-view?type=GOODSDTL&id1=20240805_af0db673c2306f32b6e2d3f7bc25df5a0a420dd413876dad040f326e1cd84762_700x875x02,https://img.davichmarket.com/image/image-view?type=ICON&id1=20220102_new.png,71,0,2024-10-07
DAVICHLENS,1MONTH 아이딜링 블루 (2P),"20,000원",NA,https://img.davichmarket.com/image/image-view?type=GOODSDTL&id1=20230004_G2304261642_9975_1.jpg,https://img.davichmarket.com/image/image-view?type=ICON&id1=20240628_1719536995910.png,137,0,2024-10-07
아큐브,아큐브 1DAY - 영디파인 래디언트 스윗 (30P),"54,000원",NA,https://img.davichmarket.com/image/image-view?type=GOODSDTL&id1=20230004_G2010120908_8342.jpg,NA,58,0,2024-10-07
DAVICHLENS,1MONTH 뉴스타리 블랙 (2P),"15,000원",NA,https://img.davichmarket.com/image/image-view?type=GOODSDTL&id1=20240126_d6e62d0a56ad8bc05ba642b6bc9e52f2d1e97d2e8638bef2c7079706a0c1d010_700x875x02,https://img.davichmarket.com/image/image-view?type=ICON&id1=20240628_1719536995910.png,241,0,2024-10-07
바슈롬,바슈롬 1MONTH - 울트라 근시 (6P),"34,500원",37%,https://img.davichmarket.com/image/image-view?type=GOODSDTL&id1=20240227_15eaa221f3616515434479162bab5d34ff0f588834c85e49e2fed5c10f604826_700x875x02,https://img.davichmarket.com/image/image-view?type=ICON&id1=20220102_low.png,112,0,2024-10-07
아큐브,아큐브 1DAY - 영디파인 래디언트 시크 (30P),"54,000원",NA,https://img.davichmarket.com/image/image-view?type=GOODSDTL&id1=20230004_G2010081511_8331.jpg,NA,45,0,2024-10-07
아큐브,아큐브 1DAY - 디파인 내츄럴샤인 (30P),"59,000원",NA,https://img.davichmarket.com/image/image-view?type=GOODSDTL&id1=20230004_G2010120925_8344.jpg,NA,41,0,2024-10-07
DAVICHLENS,1DAY 디어비 그레이 (30P),"29,000원",41%,https://img.davichmarket.com/image/image-view?type=GOODSDTL&id1=20240623_b8b1c9dc0fedf4843e4eaff749b645209fac44c9119490b997d3adbeaaa167d8_700x875x02,https://img.davichmarket.com/image/image-view?type=ICON&id1=20240628_1719536995910.png,189,0,2024-10-07
라이트 컬렉션,1MONTH - 라이트 럭스 블루 (1P),"5,000원",NA,https://img.davichmarket.com/image/image-view?type=GOODSDTL&id1=20231027_668efff92d89234f6ac89721fedc70804521e8c64af40c9e381e856f168c1b94_700x875x02,https://img.davichmarket.com/image/image-view?type=ICON&id1=20240628_1719536995910.png,416,0,2024-10-07
DAVICHLENS,1DAY 레브 브라운 (10P) ,"10,000원",50%,https://img.davichmarket.com/image/image-view?type=GOODSDTL&id1=20240829_c1ca4b138b7deb9d9bf43257db078773d15fb7e52033f56c4c7bd731c5a7b775_700x875x02,https://img.davichmarket.com/image/image-view?type=ICON&id1=20220102_new.png,81,0,2024-10-07
라이트 컬렉션,1MONTH - 라이트 럭스 그린 (1P),"5,000원",NA,https://img.davichmarket.com/image/image-view?type=GOODSDTL&id1=20231027_8856240e497461416d63bb8c6073e84b507050c8ceb2a0d555158236a0285d52_700x875x02,https://img.davichmarket.com/image/image-view?type=ICON&id1=20240628_1719536995910.png,342,0,2024-10-07
라이트 컬렉션,1MONTH - 라이트 리얼 애쉬 (1P),"5,000원",NA,https://img.davichmarket.com/image/image-view?type=GOODSDTL&id1=20240630_288df5981b6114495d78e881f9f8af6bc117464756cb31c134d0e29d6054a97c_700x875x02,https://img.davichmarket.com/image/image-view?type=ICON&id1=20240628_1719536995910.png,481,0,2024-10-07
DAVICHLENS,1MONTH 돌체링 브라운 (2P),"15,000원",NA,https://img.davichmarket.com/image/image-view?type=GOODSDTL&id1=20240223_194655075cd9ad47e08a0e431f957e8ae87164766a899f5cb37dd5a038aa0c74_700x875x02,https://img.davichmarket.com/image/image-view?type=ICON&id1=20230629_1687988354262.png,177,0,2024-10-07
바슈롬,바슈롬 1DAY - 레이셀 트윙클 브라운 (30P),"35,000원",36%,https://img.davichmarket.com/image/image-view?type=GOODSDTL&id1=20230004_G2101121615_8555.jpg,NA,89,0,2024-10-07
바슈롬,바슈롬 1DAY - 레이셀 베이비 브라운 (30P),"35,000원",36%,https://img.davichmarket.com/image/image-view?type=GOODSDTL&id1=20230004_G2107271724_8796.jpg,NA,53,0,2024-10-07
DAVICHLENS,1MONTH 퓨어링 그레이 (2P),"15,000원",NA,https://img.davichmarket.com/image/image-view?type=GOODSDTL&id1=20240623_2925b8817120863593ce8400e86e746d53c85a2c1788ec83bf23b64dd7325b44_700x875x02,https://img.davichmarket.com/image/image-view?type=ICON&id1=20240628_1719536995910.png,260,0,2024-10-07
바슈롬,바슈롬 1DAY - 레이셀 밤비 브라운 (30P),"35,000원",36%,https://img.davichmarket.com/image/image-view?type=GOODSDTL&id1=20230004_G2107271126_8794.jpg,NA,72,0,2024-10-07
DAVICHLENS,1MONTH 리썸 그레이 (2P),"20,000원",NA,https://img.davichmarket.com/image/image-view?type=GOODSDTL&id1=20230004_G2304301854_9990_1.jpg,https://img.davichmarket.com/image/image-view?type=ICON&id1=20240628_1719536995910.png,120,0,2024-10-07
DAVICHLENS,1MONTH 무드 초코 (2P),"20,000원",NA,https://img.davichmarket.com/image/image-view?type=GOODSDTL&id1=20230801_0e15fec9b6378c122f7de19d9975fb73680b4028c0d69eb0f35b0a618a85da21_700x875x02,https://img.davichmarket.com/image/image-view?type=ICON&id1=20240628_1719536995910.png,153,0,2024-10-07
바슈롬,바슈롬 1DAY - 레이셀 메리모카 (30P),"35,000원",36%,https://img.davichmarket.com/image/image-view?type=GOODSDTL&id1=20230004_G2305261019_10140.jpg,https://img.davichmarket.com/image/image-view?type=ICON&id1=20220102_low.png,126,0,2024-10-07
DAVICHLENS,1DAY 듀우이 블루 그레이 (10P),"10,000원",50%,https://img.davichmarket.com/image/image-view?type=GOODSDTL&id1=20240805_36496291dc411105769d2483be14e963d5feb0e5f660b72e352a2c237439d786_700x875x02,https://img.davichmarket.com/image/image-view?type=ICON&id1=20220102_new.png,75,0,2024-10-07
DAVICHLENS,1MONTH 핫세 그레이 (2P),"20,000원",NA,https://img.davichmarket.com/image/image-view?type=GOODSDTL&id1=20230801_d8d0dfbbddbc1a25388ae6afeba8bb6c23d2107cab4a7ea2183740ab6fcbdb5b_700x875x02,https://img.davichmarket.com/image/image-view?type=ICON&id1=20240628_1719536995910.png,134,0,2024-10-07
DAVICHLENS,3DAY 뉴미라클 난시 초코 (20P),"35,000원",34%,https://img.davichmarket.com/image/image-view?type=GOODSDTL&id1=20240311_120239324a9f8d9c3b01ff34a155d97738932b2baac28c23bdedf430009840f4_700x875x02,https://img.davichmarket.com/image/image-view?type=ICON&id1=20240628_1719536995910.png,94,0,2024-10-07
DAVICHLENS,3DAY  뮤트 로지 브라운 (10P),"18,000원",NA,https://img.davichmarket.com/image/image-view?type=GOODSDTL&id1=20240708_67d7f4f88bfb5e0aa9c97df433533eaf9b416800491d4fd472e70566946b8ee5_700x875x02,https://img.davichmarket.com/image/image-view?type=ICON&id1=20220102_new.png,133,0,2024-10-07
DAVICHLENS,1MONTH 미닝 그레이 (2P),"25,000원",NA,https://img.davichmarket.com/image/image-view?type=GOODSDTL&id1=20240226_e5fcadca442601a9d2a28012b2d7bc6d03f6b6dad72ebf14921097efd15781ce_700x875x02,https://img.davichmarket.com/image/image-view?type=ICON&id1=20240628_1719536995910.png,139,0,2024-10-07
DAVICHLENS,1DAY 디어비 브라운 (30P),"29,000원",41%,https://img.davichmarket.com/image/image-view?type=GOODSDTL&id1=20240623_c0c4d666a6fe1cc120fbf1c07eb01257e648e7a81bf2e14b9a6f8d30fabebc7b_700x875x02,https://img.davichmarket.com/image/image-view?type=ICON&id1=20240628_1719536995910.png,151,0,2024-10-07
바슈롬,바슈롬 1DAY - 레이셀 크리스탈 브라운 (30P),"35,000원",36%,https://img.davichmarket.com/image/image-view?type=GOODSDTL&id1=20230004_G2101121613_8554.jpg,NA,60,0,2024-10-07
DAVICHLENS,1MONTH 핫세 브라운 (2P),"20,000원",NA,https://img.davichmarket.com/image/image-view?type=GOODSDTL&id1=20230801_4fbafe237ba65a2184809578fea6205a782a4284859cc817ae2faade72b2473a_700x875x02,https://img.davichmarket.com/image/image-view?type=ICON&id1=20240628_1719536995910.png,85,0,2024-10-07
DAVICHLENS,1MONTH 리썸 브라운 (2P),"20,000원",NA,https://img.davichmarket.com/image/image-view?type=GOODSDTL&id1=20230430_9f4541f9773fa918e71683655a49d7a2e6829f9264414155accf374f938e7fd8_735x645x02,https://img.davichmarket.com/image/image-view?type=ICON&id1=20240628_1719536995910.png,58,0,2024-10-07
DAVICHLENS,1MONTH 아이딜링 베이지 (2P),"20,000원",NA,https://img.davichmarket.com/image/image-view?type=GOODSDTL&id1=20230004_G2304261807_9978_1.jpg,https://img.davichmarket.com/image/image-view?type=ICON&id1=20240628_1719536995910.png,64,0,2024-10-07
바슈롬,바슈롬 1DAY - 레이셀 미스틱 그레이 (30P),"35,000원",36%,https://img.davichmarket.com/image/image-view?type=GOODSDTL&id1=20230004_G2101121554_8550.jpg,NA,43,0,2024-10-07
바슈롬,바슈롬 1DAY - 레이셀 프리덤허니 (30P),"35,000원",36%,https://img.davichmarket.com/image/image-view?type=GOODSDTL&id1=20230004_G2305261156_10143.jpg,https://img.davichmarket.com/image/image-view?type=ICON&id1=20220102_low.png,59,0,2024-10-07
바슈롬,바슈롬 1DAY - 레이셀 멜로우 브라운 (30P),"35,000원",36%,https://img.davichmarket.com/image/image-view?type=GOODSDTL&id1=20230004_G2101121551_8549.jpg,NA,52,0,2024-10-07
DAVICHLENS,1MONTH - 돌체링 그레이 (2P),"15,000원",NA,https://img.davichmarket.com/image/image-view?type=GOODSDTL&id1=20240223_489db23cfa34b064058a08a9eddb4e387a7046d5dee799c43fb32374cf21ccb9_700x875x02,https://img.davichmarket.com/image/image-view?type=ICON&id1=20230629_1687988354262.png,154,0,2024-10-07
DAVICHLENS,1MONTH 리썸 블루 (2P),"20,000원",NA,https://img.davichmarket.com/image/image-view?type=GOODSDTL&id1=20230004_G2304301902_9991_1.jpg,https://img.davichmarket.com/image/image-view?type=ICON&id1=20240628_1719536995910.png,63,0,2024-10-07
DAVICHLENS,1DAY 레브 그레이 (10P),"10,000원",50%,https://img.davichmarket.com/image/image-view?type=GOODSDTL&id1=20240829_e58dfb2168225222f58b6433cc08c5a46b3d2229649bfe0406e8142aa56f3350_700x875x02,https://img.davichmarket.com/image/image-view?type=ICON&id1=20220102_new.png,65,0,2024-10-07
바슈롬,바슈롬 1DAY - 레이셀 디어 브라운 (30P),"35,000원",36%,https://img.davichmarket.com/image/image-view?type=GOODSDTL&id1=20230004_G2101121544_8547.jpg,NA,48,0,2024-10-07
DAVICHLENS,1DAY 아쿠아루틴 (90P),"79,000원",39%,https://img.davichmarket.com/image/image-view?type=GOODSDTL&id1=20230918_5ce03d2ffa1a6958b6430b8c2f69e2ac1590407b24316761e6063c42c581a940_700x875x02,https://img.davichmarket.com/image/image-view?type=ICON&id1=20240628_1719536995910.png,44,0,2024-10-07
바슈롬,바슈롬 1DAY - 레이셀 글리터링 그레이 (30P),"35,000원",36%,https://img.davichmarket.com/image/image-view?type=GOODSDTL&id1=20230004_G2101121542_8546.jpg,NA,24,0,2024-10-07
마이 컬렉션,1MONTH 뉴미라클 초코 (2P),"15,000원",NA,https://img.davichmarket.com/image/image-view?type=GOODSDTL&id1=20240311_ab7fb691fa6608d65fec5b0e87f913a4150019daa43cd40438b6e5959fc66935_700x875x02,https://img.davichmarket.com/image/image-view?type=ICON&id1=20240628_1719536995910.png,112,0,2024-10-07
바슈롬,바슈롬 1DAY - 레이셀 애쉬 바이올렛 (30P),"35,000원",36%,https://img.davichmarket.com/image/image-view?type=GOODSDTL&id1=20230004_G2101121603_8553.jpg,NA,50,0,2024-10-07
DAVICHLENS,1MONTH 뉴스타리 브라운 (2P),"15,000원",NA,https://img.davichmarket.com/image/image-view?type=GOODSDTL&id1=20240126_4f3da2b0da9eb002abd5e0e5e3a540243ebe3034425cc23b6f0592003e0967fd_700x875x02,https://img.davichmarket.com/image/image-view?type=ICON&id1=20240628_1719536995910.png,100,0,2024-10-07
바슈롬,바슈롬 1DAY - 레이셀 쉬머링 골드 (30P),"35,000원",36%,https://img.davichmarket.com/image/image-view?type=GOODSDTL&id1=20230004_G2101121558_8551.jpg,NA,26,0,2024-10-07
알콘,알콘 1DAY - 프리시전 원 근시 30P,"28,000원",52%,https://img.davichmarket.com/image/image-view?type=GOODSDTL&id1=20240807_1a934c1794e70da7c4a7596ba7f7ff12c57458fc0ee0da6ff73a448189430393_700x875x02,https://img.davichmarket.com/image/image-view?type=ICON&id1=20220102_low.png,27,0,2024-10-07
바슈롬,바슈롬 1DAY - 레이셀 마르살라 핑크 (30P),"35,000원",36%,https://img.davichmarket.com/image/image-view?type=GOODSDTL&id1=20230004_G2101121548_8548.jpg,NA,32,0,2024-10-07
마이 컬렉션,1MONTH 뉴미라클 브라운  (2P),"15,000원",NA,https://img.davichmarket.com/image/image-view?type=GOODSDTL&id1=20240311_d96bd527d7352fc3cdb4ff037618b7eba66b2d595b39de880ee58ab3b3328b91_700x875x02,https://img.davichmarket.com/image/image-view?type=ICON&id1=20240628_1719536995910.png,32,0,2024-10-07
네온,하드렌즈 - 네온 PRIME (1P),"275,000원",NA,https://img.davichmarket.com/image/image-view?type=GOODSDTL&id1=20230004_G2010211024_8396.jpg,NA,3,0,2024-10-07
네온,하드렌즈 - 네온 BLUE (1P),"115,000원",NA,https://img.davichmarket.com/image/image-view?type=GOODSDTL&id1=20230004_G2010210912_8392.jpg,NA,3,0,2024-10-07
바슈롬,바슈롬 - 리뉴 후레쉬 355ml 번들팩,"6,000원",NA,https://img.davichmarket.com/image/image-view?type=GOODSDTL&id1=20240227_b3301b31926c89ae831828c26b19c4219a4798a83a6d37a60f28432f5afca00f_700x875x02,NA,26,0,2024-10-07
DAVICHLENS,3DAY 밸런시 클리어 90P,"99,000원",38%,https://img.davichmarket.com/image/image-view?type=GOODSDTL&id1=20231027_ee8f08c4d4c91aa69d508d162f9d3179d3932a2534e026faa3e4d297aa11a25d_700x875x02,https://img.davichmarket.com/image/image-view?type=ICON&id1=20240628_1719536995910.png,30,0,2024-10-07
바슈롬,바슈롬 1DAY - 레이셀 오로라 브라운 (30P),"35,000원",36%,https://img.davichmarket.com/image/image-view?type=GOODSDTL&id1=20240805_fe8cafe19786428cf3dcd34d63b7c4a4de72786f1bac87683f2b57e2764ee332_700x875x02,https://img.davichmarket.com/image/image-view?type=ICON&id1=20220102_new.png,32,0,2024-10-07
네온,하드렌즈 - 네온 CLASSIC (1P),"220,000원",NA,https://img.davichmarket.com/image/image-view?type=GOODSDTL&id1=20230004_G2010211007_8395.jpg,NA,2,0,2024-10-07
네온,하드렌즈 - 네온 TEAR (1P),"145,000원",NA,https://img.davichmarket.com/image/image-view?type=GOODSDTL&id1=20230004_G2010210959_8393.jpg,NA,1,0,2024-10-07
네온,하드렌즈 - 네온 GREEN (1P),"185,000원",NA,https://img.davichmarket.com/image/image-view?type=GOODSDTL&id1=20230004_G2010211003_8394.jpg,NA,1,0,2024-10-07
인터로조,클라렌 1DAY -O2O2 난시 세피아 초코 (30P),"31,000원",55%,https://img.davichmarket.com/image/image-view?type=GOODSDTL&id1=20240927_b2af5a7ab4c49c38bcfb8adb84c05248a204e165edeae7f7756a6d0aaecb3aac_700x875x02,https://img.davichmarket.com/image/image-view?type=ICON&id1=20220102_low.png,5,0,2024-10-07
인터로조,클라렌 1DAY -O2O2 애쉬 브라운 (30P),"27,000원",50%,https://img.davichmarket.com/image/image-view?type=GOODSDTL&id1=20240927_7e7d7d815ab1c49fcb33bafc8161237de3fb92a601967d3f379056d6715fe71c_700x875x02,https://img.davichmarket.com/image/image-view?type=ICON&id1=20220102_low.png,6,0,2024-10-07
인터로조,클라렌 1DAY - O2O2 난시 애쉬 브라운 (30P),"31,000원",55%,https://img.davichmarket.com/image/image-view?type=GOODSDTL&id1=20240927_7427a9bbfc20cdb5f244619dd50f703678470b4ad8a8ac1214665227cd4befc7_700x875x02,https://img.davichmarket.com/image/image-view?type=ICON&id1=20220102_low.png,8,0,2024-10-07
인터로조,클라렌 1DAY -O2O2 애쉬 그레이 (30P),"27,000원",50%,https://img.davichmarket.com/image/image-view?type=GOODSDTL&id1=20240927_f4c52a2e31ee0cac586a4ba509e41cc61aabad313c2642ca70f3e716c97e9edf_700x875x02,https://img.davichmarket.com/image/image-view?type=ICON&id1=20220102_low.png,5,0,2024-10-07
인터로조,클라렌 1DAY -O2O2 세피아 초코 (30P),"27,000원",50%,https://img.davichmarket.com/image/image-view?type=GOODSDTL&id1=20240927_41da09d5a9153930ecdd9fbb6fe0c6b8fc4a91e1aa27e07c8c2e3eb92681ea33_700x875x02,https://img.davichmarket.com/image/image-view?type=ICON&id1=20220102_low.png,7,0,2024-10-07
인터로조,클라렌 1DAY - O2O2 블랜딩 로즈 (30P),"27,000원",50%,https://img.davichmarket.com/image/image-view?type=GOODSDTL&id1=20240927_a01916a23c40f0402e98154521596461ea57030e10aa11f6789c1a84a7dbbfe6_700x875x02,https://img.davichmarket.com/image/image-view?type=ICON&id1=20220102_low.png,10,0,2024-10-07
인터로조,클라렌 1DAY -O2O2 블랜딩 헤이즐 (30P),"27,000원",50%,https://img.davichmarket.com/image/image-view?type=GOODSDTL&id1=20240927_4a90e34b7e7b172d1b5eefc7dbe8af3d6c1f7c14cce8b1717a83e02db586b816_700x875x02,https://img.davichmarket.com/image/image-view?type=ICON&id1=20220102_low.png,8,0,2024-10-07
